bus,kv,fault_mva,ik_ka,x_over_r,ip_ka,breaker_ka,slg_ka
1,132,1384.6,5.71,8.52,13.81,31.5,6.32
2,132,1557.9,6.52,7.93,15.60,31.5,7.15
3,132,1017.6,4.41,4.50,9.49,31.5,4.92
4,132,1196.6,5.14,4.65,11.16,31.5,4.64
5,132,1179.3,5.06,5.39,11.32,31.5,4.59
6,33,914.6,14.95,7.81,35.69,25.0,17.61
7,33,805.7,13.28,7.76,31.66,25.0,13.43
8,11,785.8,37.84,24.56,100.99,25.0,46.13
9,33,682.0,11.30,4.88,24.77,25.0,10.73
10,33,538.0,8.96,3.69,18.43,25.0,7.15
11,33,496.5,8.22,3.23,16.36,25.0,6.20
12,33,401.9,6.66,2.33,12.16,25.0,4.95
13,33,544.8,9.07,3.03,17.76,25.0,7.26
14,33,372.2,6.29,2.55,11.76,25.0,4.40
