from,to,p_from_mw,q_from_mvar,p_loss_mw,q_loss_mvar
1,2,156.88,-20.40,4.298,7.272
1,5,75.51,3.85,2.763,6.084
2,3,73.24,3.56,2.323,5.162
2,4,56.13,-1.55,1.677,1.470
2,5,41.52,1.17,0.904,-0.928
3,4,-23.29,4.47,0.373,-0.363
4,5,-61.16,15.82,0.514,1.623
4,7,28.07,-9.68,-0.000,1.703
4,9,16.08,-0.43,-0.000,1.305
5,6,44.09,12.47,0.000,4.421
6,11,7.35,3.56,0.055,0.116
6,12,7.79,2.50,0.072,0.149
6,13,17.75,7.22,0.212,0.418
7,8,-0.00,-17.16,0.000,0.460
7,9,28.07,5.78,-0.000,0.802
9,10,5.23,4.22,0.013,0.034
9,14,9.43,3.61,0.116,0.247
10,11,-3.79,-1.62,0.013,0.029
12,13,1.61,0.75,0.006,0.006
13,14,5.64,1.75,0.054,0.110
