bus,vm_pu,va_deg,p_gen_mw,q_gen_mvar,p_load_mw,q_load_mvar
1,1.0600,0.000,232.39,-16.55,0.00,0.00
2,1.0450,-4.983,40.00,43.56,21.70,12.70
3,1.0100,-12.725,0.00,25.08,94.20,19.00
4,1.0177,-10.313,0.00,0.00,47.80,-3.90
5,1.0195,-8.774,0.00,0.00,7.60,1.60
6,1.0700,-14.221,0.00,12.73,11.20,7.50
7,1.0615,-13.360,0.00,0.00,0.00,0.00
8,1.0900,-13.360,0.00,17.62,0.00,0.00
9,1.0559,-14.939,0.00,0.00,29.50,16.60
10,1.0510,-15.097,0.00,0.00,9.00,5.80
11,1.0569,-14.791,0.00,0.00,3.50,1.80
12,1.0552,-15.076,0.00,0.00,6.10,1.60
13,1.0504,-15.156,0.00,0.00,13.50,5.80
14,1.0355,-16.034,0.00,0.00,14.90,5.00
